id,label,name,ticker,exchange,country,layer,sub_segment,tier,chokepoint,description,key_products,key_customers,fab_or_ops_geography,source,order,code
co:synopsys,Company,Synopsys,SNPS,NASDAQ,US,EDA,EDA and interface IP,1,true,"Sells the software used to design and verify chips, plus a large catalogue of interface IP. Every leading-edge chip passes through Synopsys or Cadence tools, so the two firms sit at the front of the whole supply chain.",Fusion Compiler|VCS|PrimeTime|DesignWare IP,NVIDIA|Intel|Samsung|TSMC|Qualcomm,US|India|Taiwan|China,guide,,
co:cadence,Company,Cadence Design Systems,CDNS,NASDAQ,US,EDA,EDA and design IP,1,true,"Sells chip design, simulation and verification software and design IP, in a near duopoly with Synopsys. Its tools are also used for PCB and system analysis.",Virtuoso|Innovus|Palladium|Xcelium,NVIDIA|Apple|Qualcomm|Samsung|MediaTek,US|India|Taiwan,guide,,
co:siemens,Company,Siemens,SIE.DE,XETRA,DE,EDA,"EDA (Siemens EDA, ex Mentor Graphics)",2,false,"Industrial conglomerate whose Siemens EDA unit is the third EDA vendor, strong in physical verification and test. It is a small part of Siemens but the only credible third source for full-flow EDA.",Calibre|Tessent|Questa,Intel|TSMC|Samsung|Qualcomm,Germany|US,guide,,
co:keysight,Company,Keysight Technologies,KEYS,NYSE,US,EDA,"Test and measurement, RF and system simulation",3,false,"Sells electronic test equipment and simulation software used to characterise chips, boards and wireless systems. Its design software competes with EDA vendors in RF and high-speed digital.",PathWave ADS|network analyzers|oscilloscopes,Qualcomm|Apple|Samsung|telecom equipment makers,US|Malaysia,https://finance.yahoo.com/quote/KEYS,,
co:empyrean,Company,Empyrean Technology,301269.SZ,SZSE,CN,EDA,"EDA, China",3,false,"China's largest domestic EDA vendor, focused on analog, flat panel and some digital flows. It matters as the local substitute China is pushing after US EDA export controls.",Empyrean Aether|ALPS|Skipper,SMIC|Hua Hong|Chinese fabless firms,China,https://finance.yahoo.com/quote/301269.SZ,,
co:silvaco,Company,Silvaco Group,SVCO,NASDAQ,US,EDA,TCAD and EDA,3,false,"Sells TCAD process and device simulation and some analog EDA tools, used by foundries and IDMs to model new transistors and materials. Small but present in most process development labs.",Victory TCAD|SmartSpice,foundries|IDMs|universities,US|UK|Japan,https://finance.yahoo.com/quote/SVCO,,
co:primarius,Company,Primarius Technologies,688206.SS,SSE,CN,EDA,"EDA, China",3,false,"Chinese EDA firm focused on device modelling, SPICE simulation and yield tools. One of the handful of local vendors China relies on to reduce dependence on Synopsys and Cadence.",NanoSpice|NanoYield|SDEP,SMIC|Hua Hong|Chinese fabless firms,China,https://finance.yahoo.com/quote/688206.SS,,
co:arm,Company,Arm Holdings,ARM,NASDAQ,GB,IP,CPU architecture and processor IP,1,false,"Licenses the CPU architecture and processor cores inside nearly every smartphone and a growing share of PCs and servers. Chip designers pay royalties per chip, so Arm earns from the whole mobile and edge market.",Cortex-A|Cortex-M|Neoverse|Armv9 architecture,Apple|Qualcomm|MediaTek|Samsung|NVIDIA|Amazon,UK|US|India,https://finance.yahoo.com/quote/ARM,,
co:rambus,Company,Rambus,RMBS,NASDAQ,US,IP,Memory interface chips and IP,2,false,"Sells DDR5 memory interface chips for servers and licenses memory and security IP. Its interface chips sit on almost every server DRAM module, so it rides data centre memory demand.",DDR5 RCD|MRDIMM chips|HBM PHY IP,Samsung|SK Hynix|Micron|server OEMs,US,https://finance.yahoo.com/quote/RMBS,,
co:ceva,Company,CEVA,CEVA,NASDAQ,US,IP,DSP and connectivity IP,2,false,"Licenses DSP cores and wireless connectivity IP (Bluetooth, Wi-Fi, 5G) to chip designers. A small royalty business embedded in billions of consumer devices.",Ceva-XC DSP|Ceva-Waves Bluetooth and Wi-Fi IP,Samsung|Intel|Chinese handset chip designers,Israel|US,https://finance.yahoo.com/quote/CEVA,,
co:andes,Company,Andes Technology,6533.TW,TWSE,TW,IP,RISC-V CPU IP,3,false,"Taiwanese licensor of RISC-V processor cores, one of the largest commercial RISC-V IP vendors. Matters as the open alternative to Arm gains share in embedded and AI accelerators.",AndesCore RISC-V cores|AndeStar architecture,MediaTek|Realtek|Chinese SoC designers,Taiwan,https://finance.yahoo.com/quote/6533.TW,,
co:verisilicon,Company,VeriSilicon,688521.SS,SSE,CN,IP,"Silicon platform services and IP, China",3,false,"Chinese IP licensor and design services house, selling GPU, NPU, video and display IP and turnkey chip design. A local IP source for Chinese fabless companies cut off from Western vendors.",Vivante GPU IP|NPU IP|custom silicon services,Chinese fabless firms|Alibaba|Baidu,China|US,https://finance.yahoo.com/quote/688521.SS,,
co:arteris,Company,Arteris,AIP,NASDAQ,US,IP,Network-on-chip IP,3,false,Licenses the on-chip interconnect fabric that links the blocks inside a large SoC. Small company but its NoC IP is in many automotive and AI chips.,FlexNoC|Ncore|Magillem,Qualcomm|NXP|Mobileye|Chinese SoC designers,US|France,https://finance.yahoo.com/quote/AIP,,
co:asml,Company,ASML,ASML,NASDAQ,NL,Equipment,Lithography,1,true,"Sole maker of EUV lithography machines and the dominant supplier of DUV scanners. Without ASML no one can print leading-edge chips, making it the single biggest chokepoint in the industry.",EUV NXE and High-NA EXE scanners|DUV immersion scanners|YieldStar metrology,TSMC|Samsung|Intel|SK Hynix|Micron,Netherlands|US|Taiwan|Korea,guide,,
co:applied_materials,Company,Applied Materials,AMAT,NASDAQ,US,Equipment,"Deposition, etch, implant, CMP, inspection",2,false,"The broadest wafer fab equipment supplier, leading in deposition and strong in etch, implant, CMP and inspection. Almost every fab step other than lithography touches an Applied tool.",Endura PVD|Centura CVD|Sym3 etch|Reflexion CMP,TSMC|Samsung|Intel|SK Hynix|Micron,US|Singapore|Taiwan|Israel,guide,,
co:lam_research,Company,Lam Research,LRCX,NASDAQ,US,Equipment,Etch and deposition,2,false,"Leader in plasma etch and a major deposition supplier, with heavy exposure to memory fabs. Its tools carve the 3D NAND stacks and the fine features of logic chips.",Kiyo etch|Vantex etch|Striker ALD|Sabre electroplating,Samsung|SK Hynix|Micron|TSMC|Kioxia,US|Malaysia|Korea,guide,,
co:kla,Company,KLA,KLAC,NASDAQ,US,Equipment,Process control and metrology,2,false,"Dominant in wafer inspection and metrology, the tools that find defects and keep yields up. Its share of process control is far higher than any rival, which makes it a near chokepoint in yield.",wafer inspection|reticle inspection|overlay and film metrology,TSMC|Samsung|Intel|SK Hynix,US|Israel|Singapore,guide,,
co:tokyo_electron,Company,Tokyo Electron,8035.T,TSE,JP,Equipment,"Coater/developer, etch, deposition, cleaning",2,false,"Japan's largest equipment maker, with a near monopoly in coater/developer tracks that pair with every ASML scanner, plus strong etch, deposition and cleaning tools.",CLEAN TRACK Lithius coater/developer|Tactras etch|batch furnaces,TSMC|Samsung|Intel|SK Hynix|Micron,Japan|US|Korea|Taiwan,guide,,
co:asm_international,Company,ASM International,ASM.AS,Euronext Amsterdam,NL,Equipment,Atomic layer deposition and epitaxy,2,false,"Leader in atomic layer deposition, the thin-film technique that becomes more important at each node, and a growing epitaxy supplier for gate-all-around transistors.",ALD systems|epitaxy systems|vertical furnaces,TSMC|Samsung|Intel|SK Hynix,Netherlands|Singapore|Korea|US,https://finance.yahoo.com/quote/ASM.AS,,
co:advantest,Company,Advantest,6857.T,TSE,JP,Equipment,Automated test equipment,2,false,"One of two suppliers of the testers that check every finished chip, leading in SoC and memory test. AI accelerators and HBM need far more test time, which lifts Advantest directly.",V93000 SoC tester|T5800 memory tester|handlers,NVIDIA|TSMC|Samsung|SK Hynix|Micron,Japan|Taiwan|US|Korea,https://finance.yahoo.com/quote/6857.T,,
co:teradyne,Company,Teradyne,TER,NASDAQ,US,Equipment,Automated test equipment,2,false,"The other major semiconductor tester maker, strong in compute, mobile and analog test, with a robotics side business. Duopoly partner to Advantest.",UltraFLEX testers|J750|Magnum memory test,Apple|Qualcomm|Samsung|TSMC|OSATs,US|Malaysia|Philippines,https://finance.yahoo.com/quote/TER,,
co:screen,Company,SCREEN Holdings,7735.T,TSE,JP,Equipment,Wafer cleaning,2,false,"Leader in single-wafer cleaning equipment, a step repeated hundreds of times per wafer. Also makes coater/developers and display and printing equipment.",SU-3400 single-wafer cleaner|batch cleaners|coater/developers,TSMC|Samsung|Intel|SK Hynix,Japan,https://finance.yahoo.com/quote/7735.T,,
co:nikon,Company,Nikon,7731.T,TSE,JP,Equipment,DUV lithography,2,false,"Second DUV scanner supplier after ASML, mainly to Intel and Japanese fabs, with no EUV product. Lithography is a minority of a camera and precision equipment group.",NSR ArF immersion scanners|KrF scanners,Intel|Kioxia|Chinese fabs,Japan,https://finance.yahoo.com/quote/7731.T,,
co:canon,Company,Canon,7751.T,TSE,JP,Equipment,DUV lithography and nanoimprint,3,false,"Sells i-line and KrF lithography tools for mature nodes and packaging, and is developing nanoimprint lithography as an EUV alternative. Lithography is a small part of Canon.",FPA i-line and KrF steppers|nanoimprint lithography,mature-node fabs|OSATs|Kioxia,Japan,https://finance.yahoo.com/quote/7751.T,,
co:besi,Company,BE Semiconductor Industries,BESI.AS,Euronext Amsterdam,NL,Equipment,Die attach and hybrid bonding,2,false,"Leader in die attach and the first mover in hybrid bonding tools, which join chiplets copper to copper. Hybrid bonding is the path to next-generation HBM and 3D stacking.",hybrid bonders|die bonders|flip chip and TCB systems,TSMC|Intel|Samsung|ASE|Amkor,Netherlands|Malaysia|China,https://finance.yahoo.com/quote/BESI.AS,,
co:onto,Company,Onto Innovation,ONTO,NYSE,US,Equipment,Metrology and inspection,3,false,"Sells optical metrology and inspection for front-end fabs and, increasingly, for advanced packaging where it inspects CoWoS interposers and HBM stacks.",Dragonfly 3D inspection|Atlas metrology|lithography for packaging,TSMC|Samsung|SK Hynix|OSATs,US,https://finance.yahoo.com/quote/ONTO,,
co:lasertec,Company,Lasertec,6920.T,TSE,JP,Equipment,EUV mask inspection,1,true,"The only supplier of actinic EUV photomask inspection tools, which check masks with EUV light itself. Every EUV fab and mask shop buys from Lasertec, making it a single-source link in the EUV chain.",ACTIS actinic EUV mask inspection|blank inspection systems,TSMC|Samsung|Intel|HOYA|AGC,Japan,https://finance.yahoo.com/quote/6920.T,,
co:disco,Company,DISCO,6146.T,TSE,JP,Equipment,Dicing and grinding,1,false,"Dominates the saws, laser dicers and grinders that cut wafers into chips and thin them for stacking, with roughly four fifths of the market. Thinner wafers for HBM and 3D packaging raise demand.",dicing saws|laser saws|grinders and polishers|blades,TSMC|OSATs|Samsung|SK Hynix|Micron,Japan,https://finance.yahoo.com/quote/6146.T,,
co:kokusai,Company,Kokusai Electric,6525.T,TSE,JP,Equipment,Batch deposition furnaces,3,false,"Leader in vertical batch furnaces for film deposition, used heavily in memory fabs. A focused mid-size Japanese supplier spun out of Hitachi Kokusai.",batch ALD and CVD furnaces|single-wafer deposition,Samsung|SK Hynix|Micron|Kioxia,Japan|Korea,https://finance.yahoo.com/quote/6525.T,,
co:hanmi_semi,Company,Hanmi Semiconductor,042700.KS,KRX,KR,Equipment,HBM bonding equipment,2,false,"Korean maker of the thermal compression bonders that stack HBM dies, the main supplier to SK Hynix. A direct play on HBM volume growth.",TC bonders for HBM|vision placement systems|EMI shield equipment,SK Hynix|Micron|OSATs,Korea,https://finance.yahoo.com/quote/042700.KS,,
co:kulicke_soffa,Company,Kulicke & Soffa,KLIC,NASDAQ,SG,Equipment,Wire bonding and advanced packaging equipment,3,false,"Largest supplier of wire bonders, the workhorse packaging tool for mature chips, plus thermal compression and die attach tools for advanced packaging.",wire bonders|TCB systems|die attach,ASE|Amkor|JCET|IDMs,Singapore|US|China,https://finance.yahoo.com/quote/KLIC,,
co:axcelis,Company,Axcelis Technologies,ACLS,NASDAQ,US,Equipment,Ion implantation,3,false,"One of two main ion implant suppliers, strong in high-current and high-energy implanters used in power devices and silicon carbide. Competes mainly with Applied Materials.",Purion implanters,power device makers|memory fabs|Chinese fabs,US,https://finance.yahoo.com/quote/ACLS,,
co:veeco,Company,Veeco Instruments,VECO,NASDAQ,US,Equipment,"MOCVD, laser annealing, lithography for packaging",3,false,"Sells laser annealing and ion beam tools for leading-edge logic, MOCVD for compound semiconductors, and lithography for advanced packaging.",laser spike annealing|MOCVD|wet processing,TSMC|Samsung|compound semi makers,US,https://finance.yahoo.com/quote/VECO,,
co:formfactor,Company,FormFactor,FORM,NASDAQ,US,Equipment,Probe cards,3,false,"Leader in probe cards, the consumable interface that tests chips while still on the wafer. Every new design needs a new card, so revenue follows design activity and HBM test.",probe cards|cryogenic and RF test systems,Intel|Micron|SK Hynix|TSMC|Samsung,US|Germany,https://finance.yahoo.com/quote/FORM,,
co:camtek,Company,Camtek,CAMT,NASDAQ,IL,Equipment,Inspection and metrology for packaging,3,false,"Israeli supplier of 2D and 3D inspection tools used in advanced packaging, HBM and compound semiconductors. Grew fast with CoWoS and HBM volumes.",Eagle inspection|Golden Eagle|Hawk metrology,OSATs|SK Hynix|Micron|TSMC,Israel|Taiwan,https://finance.yahoo.com/quote/CAMT,,
co:nova,Company,Nova,NVMI,NASDAQ,IL,Equipment,Metrology,3,false,Israeli optical and X-ray metrology supplier that measures film thickness and dimensions inside the fab. Growing share in both logic and memory at advanced nodes.,optical CD metrology|X-ray metrology|materials metrology,TSMC|Samsung|Intel|SK Hynix|Micron,Israel|US,https://finance.yahoo.com/quote/NVMI,,
co:aixtron,Company,Aixtron,AIXA.DE,XETRA,DE,Equipment,MOCVD for compound semiconductors,3,false,"German leader in MOCVD deposition tools for gallium nitride and silicon carbide power chips, LEDs and lasers. Exposed to power electronics and optical communications rather than logic.",G10 MOCVD systems,Infineon|Wolfspeed|onsemi|LED makers,Germany|China,https://finance.yahoo.com/quote/AIXA.DE,,
co:suss_microtec,Company,SUSS MicroTec,SMHN.DE,XETRA,DE,Equipment,"Lithography, bonding and coating for packaging",3,false,"German supplier of mask aligners, coaters, wafer bonders and temporary bonding tools used in advanced packaging and MEMS. Benefits from hybrid bonding and HBM.",wafer bonders|mask aligners|coaters and developers,OSATs|HBM makers|TSMC,Germany|Taiwan,https://finance.yahoo.com/quote/SMHN.DE,,
co:naura,Company,NAURA Technology,002371.SZ,SZSE,CN,Equipment,"Etch, deposition, cleaning, China",3,false,"China's largest chip equipment maker, selling etch, deposition, oxidation and cleaning tools to domestic fabs. The main beneficiary of China's push to localise the fab supply chain.",etch systems|PVD and CVD|furnaces|cleaning,SMIC|Hua Hong|YMTC|CXMT,China,https://finance.yahoo.com/quote/002371.SZ,,
co:amec,Company,Advanced Micro-Fabrication Equipment,688012.SS,SSE,CN,Equipment,"Etch and MOCVD, China",3,false,Shanghai-based maker of plasma etch tools qualified at advanced nodes and MOCVD for LEDs. The most technically credible Chinese etch supplier.,CCP and ICP etch|MOCVD,SMIC|Hua Hong|YMTC|TSMC (limited),China,https://finance.yahoo.com/quote/688012.SS,,
co:mks,Company,MKS Instruments,MKSI,NASDAQ,US,Equipment,"Subsystems: RF power, vacuum, lasers, chemistry",3,false,"Sells the RF generators, pressure and flow controllers, lasers and plating chemistry built into other companies' fab and packaging tools. A picks-and-shovels supplier to the equipment makers themselves.",RF power supplies|vacuum gauges|Atotech plating chemistry|ESI laser drilling,Applied Materials|Lam Research|substrate makers,US|Germany|Israel,https://finance.yahoo.com/quote/MKSI,,
co:advanced_energy,Company,Advanced Energy Industries,AEIS,NASDAQ,US,Equipment,RF and DC power subsystems,3,false,Supplies the precision power conversion and plasma power units inside etch and deposition tools. Competes with MKS for the equipment makers' business.,RF and DC plasma power|power supplies,Applied Materials|Lam Research|Tokyo Electron,US|Malaysia|Philippines,https://finance.yahoo.com/quote/AEIS,,
co:ichor,Company,Ichor Holdings,ICHR,NASDAQ,US,Equipment,Fluid delivery subsystems,3,false,"Builds the gas and chemical delivery subsystems inside wafer fab tools, mainly for Lam and Applied. A contract manufacturer tightly tied to equipment cycles.",gas delivery|chemical delivery|weldments,Lam Research|Applied Materials,US|Malaysia|Singapore|Mexico,https://finance.yahoo.com/quote/ICHR,,
co:ultra_clean,Company,Ultra Clean Holdings,UCTT,NASDAQ,US,Equipment,Subsystems and cleaning services,3,false,"Makes gas delivery, frames and chambers for fab tool makers, and cleans and coats tool parts for fabs. Similar business to Ichor, with a services arm.",gas delivery subsystems|chambers|parts cleaning,Lam Research|Applied Materials|fabs,US|Malaysia|China|Czechia,https://finance.yahoo.com/quote/UCTT,,
co:cohu,Company,Cohu,COHU,NASDAQ,US,Equipment,Test handlers and contactors,3,false,"Sells the handlers and contactors that move chips through testers, plus some testers. Smaller than Advantest and Teradyne, exposed to auto and industrial chips.",test handlers|contactors|inspection,IDMs|OSATs|Teradyne and Advantest customers,US|Malaysia|Philippines,https://finance.yahoo.com/quote/COHU,,
co:shin_etsu,Company,Shin-Etsu Chemical,4063.T,TSE,JP,Materials,"Silicon wafers, photoresist, specialty chemicals",2,true,"World's largest silicon wafer maker and a top photoresist supplier, inside a large Japanese chemicals group. Wafers are the starting material for every chip, and Japan supplies most of them.",300mm silicon wafers|SOI wafers|photoresists|silicones,TSMC|Samsung|Intel|SK Hynix|Micron,Japan|US|Malaysia|Taiwan,guide,,
co:sumco,Company,SUMCO,3436.T,TSE,JP,Materials,Silicon wafers,2,true,"Second-largest silicon wafer maker, a pure play on wafer demand. With Shin-Etsu it forms a Japanese duopoly at the leading edge.",300mm polished and epitaxial wafers,TSMC|Samsung|SK Hynix|Micron|Intel,Japan|Taiwan|US,guide,,
co:globalwafers,Company,GlobalWafers,6488.TWO,TPEx,TW,Materials,Silicon wafers,2,true,"Third-largest wafer maker, Taiwanese, with fabs across Asia, Europe and the US after buying SunEdison Semiconductor and building in Texas. Mostly mature nodes but growing at 300mm.",200mm and 300mm silicon wafers|SOI and epi wafers,TSMC|UMC|GlobalFoundries|Infineon|Texas Instruments,Taiwan|US|Japan|Italy|Korea,https://finance.yahoo.com/quote/6488.TWO,,
co:siltronic,Company,Siltronic,WAF.DE,XETRA,DE,Materials,Silicon wafers,2,false,"German wafer maker, fourth globally, with a new 300mm fab in Singapore. Exposed to memory and logic wafer volumes.",300mm and 200mm silicon wafers,Samsung|SK Hynix|Micron|Infineon,Germany|Singapore|US,https://finance.yahoo.com/quote/WAF.DE,,
co:soitec,Company,Soitec,SOI.PA,Euronext Paris,FR,Materials,Engineered substrates (SOI),2,false,"French maker of silicon-on-insulator and other engineered wafers used in RF front ends, automotive and photonics. Niche substrate technology with few competitors.",RF-SOI|FD-SOI|POI|SiC substrates,GlobalFoundries|STMicro|Qualcomm|Samsung,France|Singapore|Belgium,https://finance.yahoo.com/quote/SOI.PA,,
co:tok,Company,Tokyo Ohka Kogyo,4186.T,TSE,JP,Materials,Photoresist,2,true,"Leading maker of photoresist, including the EUV resists that only a few Japanese firms can make. Photoresist is a small-value, high-criticality input that Japan controls.",EUV and ArF photoresists|developers|high-purity chemicals,TSMC|Samsung|Intel|SK Hynix,Japan|Taiwan|Korea|US,https://finance.yahoo.com/quote/4186.T,,
co:fujifilm,Company,Fujifilm Holdings,4901.T,TSE,JP,Materials,"Photoresist, CMP slurry, process chemicals",3,false,"Diversified imaging and materials group whose electronic materials arm supplies photoresists, CMP slurries and cleaning chemicals to advanced fabs.",photoresists|CMP slurries|polyimides|process chemicals,TSMC|Samsung|Intel,Japan|US|Korea|Taiwan,https://finance.yahoo.com/quote/4901.T,,
co:sumitomo_chemical,Company,Sumitomo Chemical,4005.T,TSE,JP,Materials,"Photoresist, high-purity chemicals, compound wafers",3,false,"Japanese chemicals group supplying photoresists, high-purity process chemicals and gallium arsenide and gallium nitride substrates.",photoresists|high-purity chemicals|GaAs and GaN substrates,Samsung|Kioxia|TSMC,Japan|Korea|Taiwan,https://finance.yahoo.com/quote/4005.T,,
co:resonac,Company,Resonac Holdings,4004.T,TSE,JP,Materials,Packaging materials and gases,3,false,"Formerly Showa Denko and Hitachi Chemical; leader in packaging materials like die attach film, moulding compound and CMP slurry, plus specialty gases and SiC epi wafers.",moulding compounds|die attach films|CMP slurries|specialty gases|SiC epi wafers,TSMC|OSATs|Samsung|SK Hynix,Japan|Taiwan|Malaysia,https://finance.yahoo.com/quote/4004.T,,
co:hoya,Company,HOYA,7741.T,TSE,JP,Materials,EUV mask blanks,1,true,"Optics and healthcare group that with AGC forms the duopoly in EUV photomask blanks, the defect-free glass substrates every EUV mask is written on. Also a large HDD glass substrate maker.",EUV and DUV mask blanks|HDD glass substrates|photomasks for displays,TSMC|Samsung|Intel|Photronics|Toppan,Japan|US,https://finance.yahoo.com/quote/7741.T,,
co:agc,Company,AGC,5201.T,TSE,JP,Materials,EUV mask blanks and glass,2,true,"Japanese glass maker that is the other supplier of EUV mask blanks alongside HOYA, and a maker of glass substrates for packaging and displays.",EUV mask blanks|synthetic quartz|glass core substrates,TSMC|Samsung|Intel|mask shops,Japan,https://finance.yahoo.com/quote/5201.T,,
co:ajinomoto,Company,Ajinomoto,2802.T,TSE,JP,Materials,ABF substrate film,1,true,"Food company whose Ajinomoto Build-up Film is the insulating layer in almost every high-end CPU and GPU package substrate. A tiny share of its revenue, but a near single source for the chip industry.",Ajinomoto Build-up Film (ABF),Ibiden|Unimicron|Kinsus|Nan Ya PCB|Shinko,Japan,https://finance.yahoo.com/quote/2802.T,,
co:photronics,Company,Photronics,PLAB,NASDAQ,US,Materials,Photomasks,3,false,"Largest independent photomask maker, serving fabs that do not run their own mask shop. Mostly mature and mid nodes; leading-edge masks are made in-house by TSMC, Samsung and Intel.",DUV photomasks|display photomasks,UMC|SMIC|GlobalFoundries|display makers,US|Taiwan|Korea|China|Europe,https://finance.yahoo.com/quote/PLAB,,
co:entegris,Company,Entegris,ENTG,NASDAQ,US,Materials,"Filtration, wafer handling, specialty chemicals",2,false,"Supplies the filters, purifiers, wafer carriers and specialty chemicals that keep contamination out of fabs. Content per wafer rises with each node.",liquid and gas filters|FOUPs and wafer carriers|CMP slurries|deposition materials,TSMC|Samsung|Intel|SK Hynix|Micron,US|Taiwan|Korea|Malaysia,https://finance.yahoo.com/quote/ENTG,,
co:qnity,Company,Qnity Electronics,Q,NYSE,US,Materials,Electronic materials (ex DuPont),3,false,"DuPont's electronics business spun out in late 2025, selling CMP pads and slurries, photoresists, cleaning chemicals and packaging materials.",CMP pads and slurries|photoresists|dielectrics|packaging laminates,TSMC|Samsung|Intel|SK Hynix,US|Taiwan|Korea|Japan,https://finance.yahoo.com/quote/Q,,
co:merck_kgaa,Company,Merck KGaA,MRK.DE,XETRA,DE,Materials,Specialty chemicals and gases,3,false,"German science group whose electronics arm (including EMD, Versum and Intermolecular) supplies deposition materials, specialty gases, CMP slurries and photoresist ancillaries.",deposition precursors|specialty gases|CMP slurries|delivery systems,TSMC|Samsung|Intel|SK Hynix,Germany|US|Taiwan|Korea|China,https://finance.yahoo.com/quote/MRK.DE,,
co:wacker,Company,Wacker Chemie,WCH.DE,XETRA,DE,Materials,Polysilicon,3,false,"German chemicals group and a leading maker of hyperpure polysilicon, the raw material that wafer makers melt into ingots. Sits one step upstream of Shin-Etsu and SUMCO.",semiconductor-grade polysilicon|silicones,Shin-Etsu|SUMCO|GlobalWafers|Siltronic,Germany|US,https://finance.yahoo.com/quote/WCH.DE,,
co:linde,Company,Linde,LIN,NASDAQ,IE,Materials,Industrial and electronic gases,3,false,"Largest industrial gas company, supplying nitrogen, argon and specialty gases to fabs, often through on-site plants. Gases are a steady utility-like input to every fab.",bulk gases|specialty electronic gases|on-site gas plants,TSMC|Samsung|Intel|SK Hynix,global,https://finance.yahoo.com/quote/LIN,,
co:air_products,Company,Air Products and Chemicals,APD,NYSE,US,Materials,Industrial and electronic gases,3,false,"Major industrial gas supplier with a large electronics gas business, including on-site plants at Korean and Taiwanese fabs.",bulk gases|specialty gases|on-site plants,Samsung|SK Hynix|TSMC,global,https://finance.yahoo.com/quote/APD,,
co:air_liquide,Company,Air Liquide,AI.PA,Euronext Paris,FR,Materials,Industrial and electronic gases and precursors,3,false,French gas major with a large electronics unit supplying specialty gases and deposition precursors to fabs worldwide.,specialty gases|ALD and CVD precursors|bulk gases,TSMC|Samsung|Intel|SK Hynix,global,https://finance.yahoo.com/quote/AI.PA,,
co:coherent,Company,Coherent,COHR,NYSE,US,Materials,"SiC substrates, optics, lasers",3,false,"Maker of silicon carbide substrates, optical components and lasers, including the optical transceivers used in AI data centre networks. Straddles materials and optical networking.",SiC substrates|optical transceivers|lasers,hyperscalers|power device makers|equipment makers,US|China|Malaysia|Vietnam,https://finance.yahoo.com/quote/COHR,,
co:tsmc,Company,TSMC,2330.TW,TWSE,TW,Foundry,Leading-edge pure-play foundry,1,true,"Makes chips designed by others and controls about ninety percent of the most advanced logic capacity. NVIDIA, Apple, AMD and most AI chips depend on it, and its CoWoS packaging is the bottleneck for AI accelerators.",N3 and N2 process nodes|CoWoS and SoIC packaging|mature nodes,Apple|NVIDIA|AMD|Qualcomm|Broadcom|MediaTek,Taiwan|US (Arizona)|Japan (Kumamoto)|Germany (Dresden)|China (Nanjing),guide,,
co:umc,Company,United Microelectronics,2303.TW,TWSE,TW,Foundry,Mature-node foundry,2,false,"Taiwan's second foundry, focused on 22nm and older specialty processes for display drivers, RF, automotive and microcontrollers. Stopped chasing the leading edge years ago.",28nm and 22nm nodes|RF-SOI|embedded flash|BCD,MediaTek|Realtek|Novatek|Qualcomm|Infineon,Taiwan|Singapore|China|Japan,https://finance.yahoo.com/quote/2303.TW,,
co:globalfoundries,Company,GlobalFoundries,GFS,NASDAQ,US,Foundry,Mature and specialty foundry,3,false,"US-headquartered foundry that exited the leading edge in 2018 and now sells specialty processes for RF, automotive, silicon photonics and secure chips, with fabs in the US, Germany and Singapore.",22FDX|RF-SOI|silicon photonics|automotive processes,Qualcomm|AMD|NXP|Infineon|US defence,US|Germany|Singapore,guide,,
co:smic,Company,SMIC,0981.HK,HKEX,CN,Foundry,"Foundry, China",3,false,"China's largest foundry and its national champion, offering 7nm-class chips without EUV under US export controls. Makes Huawei's processors and much of China's domestic chip output.",N+2 7nm-class|28nm and 14nm|specialty processes,Huawei/HiSilicon|Chinese fabless firms|Qualcomm (mature),China,guide,,
co:tower,Company,Tower Semiconductor,TSEM,NASDAQ,IL,Foundry,Specialty analog foundry,3,false,"Israeli foundry specialising in RF, power management, image sensors and silicon photonics. Small but hard to replace for analog-heavy chips.",SiGe RF|RF-SOI|power management|CMOS image sensors|silicon photonics,Broadcom|Skyworks|Qorvo|Intel,Israel|US|Japan|Italy,https://finance.yahoo.com/quote/TSEM,,
co:vanguard_intl,Company,Vanguard International Semiconductor,5347.TWO,TPEx,TW,Foundry,Mature-node foundry,3,false,"TSMC-affiliated Taiwanese foundry making 200mm and, with NXP, a new 300mm fab in Singapore for display drivers, power management and automotive chips.",0.11um to 0.5um processes|BCD|display driver processes,Novatek|Himax|NXP|power management designers,Taiwan|Singapore,https://finance.yahoo.com/quote/5347.TWO,,
co:psmc,Company,Powerchip Semiconductor Manufacturing,6770.TW,TWSE,TW,Foundry,Mature-node foundry and memory,3,false,"Taiwanese foundry running mature logic and DRAM processes, building a new 300mm fab. Serves display drivers, power and specialty memory.",mature logic|DRAM foundry|display drivers,Novatek|Himax|Chinese fabless firms,Taiwan,https://finance.yahoo.com/quote/6770.TW,,
co:hua_hong,Company,Hua Hong Semiconductor,1347.HK,HKEX,CN,Foundry,"Specialty foundry, China",3,false,"China's second foundry, focused on power devices, embedded flash microcontrollers and analog on 200mm and 300mm lines. Grows with China's push to localise mature chips.",IGBT and MOSFET processes|embedded flash|BCD|55nm to 28nm,Chinese fabless and IDM firms,China,https://finance.yahoo.com/quote/1347.HK,,
co:db_hitek,Company,DB HiTek,000990.KS,KRX,KR,Foundry,"Specialty analog foundry, Korea",3,false,"Korean 200mm foundry for power management, display drivers and image sensors. Small, cyclical, tied to Korean and Chinese fabless customers.",BCD|mixed signal|image sensor processes,Korean and Chinese fabless firms,Korea,https://finance.yahoo.com/quote/000990.KS,,
co:xfab,Company,X-FAB Silicon Foundries,XFAB.PA,Euronext Paris,BE,Foundry,"Specialty foundry, Europe",3,false,"European foundry for analog, mixed-signal, MEMS and silicon carbide on 200mm lines, serving automotive, industrial and medical customers.",analog and mixed-signal|MEMS|SiC foundry,Melexis|automotive and industrial chip designers,Germany|France|Malaysia|US,https://finance.yahoo.com/quote/XFAB.PA,,
co:samsung,Company,Samsung Electronics,005930.KS,KRX,KR,IDM,"Memory, foundry, logic and consumer electronics",2,true,"World's largest memory maker and the only serious leading-edge foundry rival to TSMC, inside Korea's biggest conglomerate. Its HBM position lags SK Hynix but it is second source for almost everything.",DRAM|NAND|HBM|Exynos processors|foundry services|image sensors,Apple|Qualcomm|NVIDIA|AMD|Google|its own devices,Korea|US (Texas)|China (Xi'an),guide,,
co:intel,Company,Intel,INTC,NASDAQ,US,IDM,CPUs and foundry,2,false,"Largest x86 CPU maker and the only US company still building leading-edge fabs, now opening them to foundry customers. Its 18A process is the US bet on a domestic alternative to TSMC.",Core and Xeon CPUs|Gaudi accelerators|Intel Foundry 18A|FPGAs,Dell|HP|Lenovo|hyperscalers|Microsoft,US|Ireland|Israel|Malaysia,guide,,
co:texas_instruments,Company,Texas Instruments,TXN,NASDAQ,US,IDM,Analog and embedded,2,false,"Largest analog chip maker, selling tens of thousands of power and signal chain parts to industrial and automotive customers from its own 300mm fabs in Texas.",power management|signal chain|embedded processors,industrial|automotive|personal electronics,US|Malaysia|Philippines|China,guide,,
co:stmicro,Company,STMicroelectronics,STMPA.PA,Euronext Paris,CH,IDM,"Analog, power, MEMS and microcontrollers",2,false,"European IDM strong in automotive silicon carbide, microcontrollers and MEMS sensors, with fabs in Italy, France and Singapore.",STM32 microcontrollers|SiC power devices|MEMS sensors|analog,Tesla|Apple|automotive tier ones,Switzerland|Italy|France|Singapore|Malaysia,https://finance.yahoo.com/quote/STMPA.PA,,
co:nxp,Company,NXP Semiconductors,NXPI,NASDAQ,NL,IDM,Automotive and industrial,2,false,"Dutch IDM that leads in automotive microcontrollers, radar, secure elements and NFC. Fab-lite, with part of production at TSMC and a new Singapore fab with Vanguard.",automotive MCUs and processors|radar chips|NFC and secure elements,automotive tier ones|Apple|industrial,Netherlands|US|Singapore|Malaysia,https://finance.yahoo.com/quote/NXPI,,
co:infineon,Company,Infineon Technologies,IFX.DE,XETRA,DE,IDM,Power semiconductors and automotive,3,false,"World's largest power semiconductor and automotive chip maker, leading in silicon carbide and gallium nitride and in automotive microcontrollers.",IGBTs and MOSFETs|SiC and GaN devices|AURIX MCUs|sensors,automotive tier ones|industrial|data centre power,Germany|Austria|Malaysia|Indonesia,guide,,
co:renesas,Company,Renesas Electronics,6723.T,TSE,JP,IDM,"Microcontrollers, analog, automotive",2,false,"Japanese IDM that is a top microcontroller supplier to cars and industry, expanded into analog and power through Intersil, IDT and Dialog acquisitions.",RH850 and RA MCUs|automotive SoCs|analog and power|timing,Toyota and other automakers|industrial,Japan|Malaysia|China,https://finance.yahoo.com/quote/6723.T,,
co:analog_devices,Company,Analog Devices,ADI,NASDAQ,US,IDM,High-performance analog,2,false,"Second-largest analog chip maker, strong in data converters, RF and industrial and automotive signal chain after buying Linear and Maxim. Hybrid manufacturing with its own fabs plus TSMC.",data converters|RF and microwave|power management|industrial sensors,industrial|automotive|communications|Apple,US|Ireland|Philippines|Malaysia,https://finance.yahoo.com/quote/ADI,,
co:microchip,Company,Microchip Technology,MCHP,NASDAQ,US,IDM,Microcontrollers and analog,3,false,"Broad-line supplier of microcontrollers, analog, FPGAs and networking chips to industrial, automotive and aerospace customers, with a long tail of small buyers.",PIC and AVR MCUs|analog and mixed-signal|FPGAs|timing,industrial|automotive|aerospace and defence,US|Thailand|Philippines,https://finance.yahoo.com/quote/MCHP,,
co:onsemi,Company,onsemi,ON,NASDAQ,US,IDM,Power and sensing,3,false,"Power and image sensor IDM focused on automotive and industrial, with a large silicon carbide push that includes its own substrate production.",SiC MOSFETs and modules|image sensors|power discretes,Tesla|automotive tier ones|industrial,US|Czechia|Korea|Philippines,https://finance.yahoo.com/quote/ON,,
co:sony,Company,Sony Group,6758.T,TSE,JP,IDM,Image sensors,3,false,"Consumer electronics and entertainment group that is the world's largest image sensor maker, supplying the cameras in most iPhones and Android flagships.",CMOS image sensors|PlayStation|entertainment,Apple|Samsung|Xiaomi|automotive,Japan,guide,,
co:rohm,Company,ROHM,6963.T,TSE,JP,IDM,Power devices and analog,3,false,"Japanese IDM strong in silicon carbide power devices, discretes and analog for automotive and industrial customers.",SiC MOSFETs|discretes|power management ICs,automotive tier ones|industrial,Japan|Malaysia|Philippines|Thailand,https://finance.yahoo.com/quote/6963.T,,
co:wolfspeed,Company,Wolfspeed,WOLF,NYSE,US,IDM,Silicon carbide,3,false,"Pure-play silicon carbide wafer and device maker with the world's largest 200mm SiC fab, restructured through Chapter 11 in 2025. A high-risk bet on electric vehicle power electronics.",SiC substrates and epi wafers|SiC MOSFETs and modules,Infineon|onsemi|automotive|industrial,US,https://finance.yahoo.com/quote/WOLF,,
co:skyworks,Company,Skyworks Solutions,SWKS,NASDAQ,US,IDM,RF front end,3,false,"Makes the RF power amplifiers and filters that connect phones to networks, with Apple as the largest customer. Owns its own gallium arsenide fabs.",RF front-end modules|power amplifiers|filters,Apple|Samsung|automotive and IoT,US|Mexico|Singapore,https://finance.yahoo.com/quote/SWKS,,
co:qorvo,Company,Qorvo,QRVO,NASDAQ,US,IDM,RF front end and power,3,false,"Second US RF front-end maker, also in defence RF, power management and ultra-wideband. Owns gallium arsenide and gallium nitride fabs.",RF front-end modules|BAW filters|GaN RF|power management,Apple|Samsung|defence|IoT,US|Costa Rica|China,https://finance.yahoo.com/quote/QRVO,,
co:diodes,Company,Diodes Incorporated,DIOD,NASDAQ,US,IDM,Discretes and analog,3,false,"Supplier of discrete semiconductors, logic and analog parts to consumer, computing and automotive markets, with fabs in the US, UK and China.",discretes|MOSFETs|LDOs|logic,consumer|computing|automotive,US|UK|China|Taiwan,https://finance.yahoo.com/quote/DIOD,,
co:vishay,Company,Vishay Intertechnology,VSH,NYSE,US,IDM,Discretes and passives,3,false,"Maker of discrete semiconductors and passive components, with a large industrial and automotive base and growing silicon carbide capacity.",MOSFETs|diodes|resistors and capacitors|SiC devices,industrial|automotive|military,US|Germany|Israel|China,https://finance.yahoo.com/quote/VSH,,
co:allegro,Company,Allegro MicroSystems,ALGM,NASDAQ,US,IDM,Magnetic sensors and power,3,false,Fabless-leaning IDM making magnetic position and current sensors and motor drivers for automotive and industrial customers.,Hall and TMR sensors|current sensors|motor drivers,automotive tier ones|industrial,US|Philippines,https://finance.yahoo.com/quote/ALGM,,
co:wingtech,Company,Wingtech Technology,600745.SS,SSE,CN,IDM,Discretes and power (Nexperia),3,false,"Chinese electronics maker that owns Nexperia, the former NXP standard products unit and a top supplier of discretes and small-signal MOSFETs. Control of Nexperia has been contested by the Dutch government since late 2025.",Nexperia discretes|MOSFETs|logic|ODM electronics,automotive tier ones|consumer electronics,China|Netherlands|UK|Germany,https://finance.yahoo.com/quote/600745.SS,,
co:sk_hynix,Company,SK Hynix,000660.KS,KRX,KR,Memory,"DRAM, HBM, NAND",1,true,"Second-largest memory maker and the leader in HBM, the stacked memory beside every AI accelerator, with NVIDIA as its anchor customer. Also a top NAND maker through Solidigm.",HBM3E and HBM4|DDR5 DRAM|NAND and SSDs (Solidigm),NVIDIA|AMD|Apple|hyperscalers,"Korea|China (Wuxi, Dalian)|US (Indiana, planned)",guide,,
co:micron,Company,Micron Technology,MU,NASDAQ,US,Memory,"DRAM, HBM, NAND",2,true,"The only US memory maker, third in DRAM and a growing HBM supplier to NVIDIA. Building new fabs in Idaho and New York with CHIPS Act support.",DDR5 DRAM|HBM3E|NAND and SSDs|LPDDR5X,NVIDIA|Apple|hyperscalers|automotive,US|Japan|Taiwan|Singapore|Malaysia,guide,,
co:kioxia,Company,Kioxia Holdings,285A.T,TSE,JP,Memory,NAND flash,2,false,"Former Toshiba Memory, the inventor of NAND flash and one of the largest NAND makers, running joint fabs in Japan with Sandisk. Relisted in Tokyo in December 2024.",3D NAND|SSDs|UFS,Apple|hyperscalers|PC OEMs|Sandisk (JV),"Japan (Yokkaichi, Kitakami)",guide,,
co:sandisk,Company,Sandisk,SNDK,NASDAQ,US,Memory,NAND flash,2,false,"Western Digital's flash business, spun out in 2025, sharing NAND fabs with Kioxia and selling consumer and enterprise SSDs and cards.",3D NAND (BiCS)|client and enterprise SSDs|memory cards,PC OEMs|hyperscalers|retail,US|Japan (JV fabs)|Malaysia|China,https://finance.yahoo.com/quote/SNDK,,
co:nanya,Company,Nanya Technology,2408.TW,TWSE,TW,Memory,DRAM,3,false,"Taiwanese DRAM maker, part of the Formosa Plastics group, focused on mainstream and specialty DRAM rather than HBM. A small fourth player behind the big three.",DDR4 and DDR5 DRAM|specialty and consumer DRAM,PC and consumer OEMs|module makers,Taiwan,https://finance.yahoo.com/quote/2408.TW,,
co:winbond,Company,Winbond Electronics,2344.TW,TWSE,TW,Memory,Specialty memory,3,false,"Taiwanese maker of specialty DRAM, NOR flash and its own foundry services, serving automotive, industrial and consumer devices that need small, long-life memories.",specialty DRAM|NOR flash|SLC NAND,automotive|industrial|consumer electronics,Taiwan,guide,,
co:macronix,Company,Macronix International,2337.TW,TWSE,TW,Memory,NOR flash and ROM,3,false,"Taiwanese leader in NOR flash and mask ROM, supplying boot memory for consoles, cars and industrial gear. Small, niche, and a major Nintendo supplier.",NOR flash|SLC NAND|mask ROM,Nintendo|automotive|industrial,Taiwan,guide,,
co:gigadevice,Company,GigaDevice Semiconductor,603986.SS,SSE,CN,Memory,"NOR flash and MCUs, China",3,false,"China's largest NOR flash maker and a fast-growing microcontroller supplier, fabless, using SMIC and Hua Hong. The local answer to Winbond and Macronix.",NOR flash|GD32 MCUs|niche DRAM,Chinese consumer and industrial OEMs,China,https://finance.yahoo.com/quote/603986.SS,,
co:ase,Company,ASE Technology Holding,3711.TW,TWSE,TW,Packaging,Outsourced assembly and test (OSAT),1,true,"World's largest chip packaging and test company, with SPIL and USI inside the group. Handles advanced packaging overflow from TSMC and packages most of the world's mature chips.",flip chip and fan-out packaging|CoWoS-like 2.5D services|wafer bumping|final test,NVIDIA|AMD|Qualcomm|MediaTek|Apple,Taiwan|China|Korea|Malaysia|Japan,guide,,
co:amkor,Company,Amkor Technology,AMKR,NASDAQ,US,Packaging,Outsourced assembly and test (OSAT),2,false,"Second-largest OSAT and the largest US-headquartered one, building an Arizona plant to package chips from TSMC's Arizona fab. Strong in automotive and Apple business.",flip chip|SiP|advanced packaging|test,Apple|Qualcomm|NVIDIA|Infineon|automotive,Korea|Taiwan|Philippines|Japan|Vietnam|US (planned),guide,,
co:jcet,Company,JCET Group,600584.SS,SSE,CN,Packaging,"Outsourced assembly and test, China",2,false,"China's largest OSAT and third globally, with plants in China, Singapore and Korea after buying STATS ChipPAC. Serves both Chinese and international fabless customers.",flip chip|SiP|fan-out|test,Chinese fabless firms|Qualcomm|international IDMs,China|Singapore|Korea,guide,,
co:powertech,Company,Powertech Technology,6239.TW,TWSE,TW,Packaging,Memory packaging and test,3,false,"Taiwanese OSAT specialised in memory packaging and test, serving Kioxia, Micron and Taiwan's DRAM makers, expanding into advanced logic packaging.",memory packaging|memory test|fan-out and 2.5D,Kioxia|Micron|Nanya|Winbond,Taiwan|China|Japan,https://finance.yahoo.com/quote/6239.TW,,
co:kyec,Company,King Yuan Electronics,2449.TW,TWSE,TW,Packaging,Wafer probe and final test,3,false,"Taiwan's largest independent test house, testing wafers and chips for MediaTek, NVIDIA and other fabless firms. Benefits from longer test times for AI chips.",wafer probe|final test|burn-in,MediaTek|NVIDIA|Novatek|Realtek,Taiwan,https://finance.yahoo.com/quote/2449.TW,,
co:chipbond,Company,Chipbond Technology,6147.TWO,TPEx,TW,Packaging,Display driver packaging,3,false,"Taiwanese OSAT focused on gold bumping and packaging of display driver chips, plus RF and CMOS sensor packaging.",gold bumping|COF and COG packaging|RF packaging,Novatek|Himax|Realtek,Taiwan,https://finance.yahoo.com/quote/6147.TWO,,
co:chipmos,Company,ChipMOS Technologies,8150.TW,TWSE,TW,Packaging,Memory and display driver packaging,3,false,"Taiwanese OSAT serving memory makers and display driver houses with bumping, packaging and test.",memory test|display driver packaging|bumping,Micron|Kioxia|Novatek|Himax,Taiwan,https://finance.yahoo.com/quote/8150.TW,,
co:tongfu,Company,Tongfu Microelectronics,002156.SZ,SZSE,CN,Packaging,"Outsourced assembly and test, China",3,false,"Chinese OSAT that packages a large share of AMD's CPUs and GPUs through a joint venture, plus domestic customers. Second largest OSAT in China.",flip chip|SiP|advanced packaging for AMD,AMD|Chinese fabless firms,China|Malaysia,https://finance.yahoo.com/quote/002156.SZ,,
co:hua_tian,Company,Tianshui Huatian Technology,002185.SZ,SZSE,CN,Packaging,"Outsourced assembly and test, China",3,false,"Chinese OSAT with plants in Gansu, Jiangsu and Malaysia, serving domestic fabless firms and some international customers.",wire bond and flip chip packaging|test,Chinese fabless firms,China|Malaysia,https://finance.yahoo.com/quote/002185.SZ,,
co:ibiden,Company,Ibiden,4062.T,TSE,JP,Packaging,IC package substrates,2,false,"Japanese leader in the high-end substrates that carry CPUs and GPUs, the main substrate supplier to Intel and a major one to NVIDIA and AMD.",FC-BGA substrates|high-layer-count substrates|PCBs,Intel|NVIDIA|AMD|Apple,Japan|Malaysia,https://finance.yahoo.com/quote/4062.T,,
co:unimicron,Company,Unimicron Technology,3037.TW,TWSE,TW,Packaging,IC package substrates and PCBs,2,false,"Taiwan's largest substrate and PCB maker, a top supplier of ABF substrates for CPUs, GPUs and networking chips.",ABF substrates|HDI PCBs,NVIDIA|AMD|Intel|Apple|Broadcom,Taiwan|China|Germany,https://finance.yahoo.com/quote/3037.TW,,
co:kinsus,Company,Kinsus Interconnect Technology,3189.TW,TWSE,TW,Packaging,IC package substrates,3,false,"Pegatron-affiliated Taiwanese substrate maker, supplying ABF and BT substrates for processors, mobile chips and networking.",ABF substrates|BT substrates,AMD|MediaTek|Apple|networking chip designers,Taiwan|China,https://finance.yahoo.com/quote/3189.TW,,
co:nanya_pcb,Company,Nan Ya PCB,8046.TW,TWSE,TW,Packaging,IC package substrates,3,false,"Formosa Plastics group substrate maker, one of the main ABF substrate suppliers for CPUs, GPUs and AI accelerators.",ABF substrates|PCBs,NVIDIA|AMD|Intel|Broadcom,Taiwan|China,https://finance.yahoo.com/quote/8046.TW,,
co:nvidia,Company,NVIDIA,NVDA,NASDAQ,US,Fabless,AI accelerators and GPUs,1,false,Designs the GPUs that run most AI training and inference and sells them as full systems with networking and software. The largest customer of TSMC's leading-edge and CoWoS capacity and of HBM.,Blackwell and Rubin GPUs|Grace CPUs|NVLink and InfiniBand networking|CUDA,Microsoft|Amazon|Google|Meta|Oracle|CoreWeave,US|Taiwan (via TSMC),guide,,
co:amd,Company,AMD,AMD,NASDAQ,US,Fabless,"CPUs, GPUs and adaptive chips",2,false,"Designs x86 CPUs, data centre and gaming GPUs, and FPGAs from Xilinx. The main challenger to NVIDIA in AI accelerators and to Intel in server CPUs, built entirely at TSMC.",EPYC CPUs|Instinct MI GPUs|Ryzen|Xilinx FPGAs,Microsoft|Meta|Oracle|Dell|HPE|Sony|Microsoft (consoles),US|Taiwan (via TSMC),guide,,
co:broadcom,Company,Broadcom,AVGO,NASDAQ,US,Fabless,"Custom AI accelerators, networking, infrastructure software",2,false,"Designs the custom AI chips for Google, Meta and others, plus the Ethernet switch chips that link AI clusters, alongside a large software business from VMware.",custom ASICs (TPU for Google)|Tomahawk and Jericho switch chips|Wi-Fi and RF|VMware,Google|Meta|Apple|ByteDance|hyperscalers,US|Taiwan (via TSMC),guide,,
co:qualcomm,Company,Qualcomm,QCOM,NASDAQ,US,Fabless,Mobile SoCs and modems,2,false,"Largest smartphone chip designer, with Snapdragon processors and modems in most Android flagships, expanding into PCs and cars. Also earns large licensing royalties on its wireless patents.",Snapdragon SoCs|5G modems|RF front end|automotive Digital Chassis,Samsung|Xiaomi|Apple (modems)|automakers,US|Taiwan and Korea (via foundries),guide,,
co:marvell,Company,Marvell Technology,MRVL,NASDAQ,US,Fabless,"Custom ASICs, networking, storage",2,false,"Designs custom AI chips for hyperscalers, optical interconnect chips and networking and storage controllers. The second custom-silicon partner after Broadcom.",custom XPUs|electro-optics DSPs|Ethernet switches|storage controllers,Amazon|Microsoft|hyperscalers|networking OEMs,US|Taiwan (via TSMC),https://finance.yahoo.com/quote/MRVL,,
co:mediatek,Company,MediaTek,2454.TW,TWSE,TW,Fabless,"Mobile SoCs, connectivity, custom ASICs",3,false,"Largest smartphone chip designer by volume, strong in mid-range Android, Wi-Fi and TV chips, and now co-designing Google's TPUs. Taiwan's biggest fabless company.",Dimensity SoCs|Wi-Fi and Bluetooth|TV and set-top SoCs|custom ASICs,Xiaomi|Oppo|Vivo|Samsung|Google,Taiwan,guide,,
co:apple,Company,Apple,AAPL,NASDAQ,US,Fabless,Custom SoCs for its own devices,3,false,"Designs the chips inside every iPhone, iPad and Mac and buys them from TSMC, where it is the largest customer and usually first on each new node.",A-series and M-series SoCs|C1 modem|Apple silicon,its own devices,US|Taiwan (via TSMC),guide,,
co:realtek,Company,Realtek Semiconductor,2379.TW,TWSE,TW,Fabless,Connectivity and consumer chips,3,false,"Taiwanese designer of Ethernet, Wi-Fi, audio and display chips found in most PCs and consumer electronics. High volume, low price.",Ethernet controllers|Wi-Fi chips|audio codecs,PC OEMs|consumer electronics|networking,Taiwan,guide,,
co:novatek,Company,Novatek Microelectronics,3034.TW,TWSE,TW,Fabless,Display driver ICs,3,false,"World's largest display driver chip designer, supplying panels for TVs, phones and monitors. Uses mature foundry nodes at UMC, Vanguard and PSMC.",display driver ICs|timing controllers|SoCs for TVs,Samsung Display|LG Display|BOE|AUO,Taiwan,https://finance.yahoo.com/quote/3034.TW,,
co:himax,Company,Himax Technologies,HIMX,NASDAQ,TW,Fabless,Display drivers and imaging,3,false,Taiwanese display driver designer with a sideline in automotive displays and ultra-low-power AI vision sensors.,display driver ICs|automotive TDDI|WiseEye AI sensors,panel makers|automotive,Taiwan,https://finance.yahoo.com/quote/HIMX,,
co:lattice,Company,Lattice Semiconductor,LSCC,NASDAQ,US,Fabless,Low-power FPGAs,3,false,"Designs small, low-power FPGAs used for control, security and bridging in servers, cars and industrial equipment.",Nexus and Avant FPGAs,server OEMs|industrial|automotive,US,https://finance.yahoo.com/quote/LSCC,,
co:astera_labs,Company,Astera Labs,ALAB,NASDAQ,US,Fabless,Connectivity chips for AI servers,3,false,"Designs the PCIe and CXL retimers, switches and Ethernet connectivity that link GPUs, CPUs and memory inside AI servers. Grew with NVIDIA-based rack deployments.",Aries PCIe retimers|Scorpio switches|Taurus Ethernet|Leo CXL,NVIDIA|Amazon|Microsoft|server OEMs,US,https://finance.yahoo.com/quote/ALAB,,
co:cirrus_logic,Company,Cirrus Logic,CRUS,NASDAQ,US,Fabless,Audio and mixed-signal,3,false,"Designs audio codecs, amplifiers and haptic drivers, mostly for Apple, which is most of its revenue.",audio codecs|amplifiers|camera controllers,Apple|Samsung,US,guide,,
co:credo,Company,Credo Technology,CRDO,NASDAQ,US,Fabless,High-speed connectivity,3,false,"Designs active electrical cables, optical DSPs and SerDes used to connect GPUs and switches in AI data centres.",active electrical cables|optical DSPs|SerDes IP,Amazon|Microsoft|hyperscalers,US|Taiwan,https://finance.yahoo.com/quote/CRDO,,
co:monolithic_power,Company,Monolithic Power Systems,MPWR,NASDAQ,US,Fabless,Power management,3,false,"Fabless power management chip maker with a strong position in server and GPU voltage regulation, where every AI accelerator needs high-current power delivery.",voltage regulators|power modules|motor drivers,NVIDIA|server OEMs|automotive|industrial,US|China,https://finance.yahoo.com/quote/MPWR,,
co:silicon_labs,Company,Silicon Labs,SLAB,NASDAQ,US,Fabless,Wireless IoT MCUs,3,false,"Designs low-power wireless microcontrollers for smart home, industrial and metering devices, supporting Bluetooth, Zigbee, Thread and Wi-Fi.",EFR32 wireless SoCs|Bluetooth and Matter chips,smart home and industrial OEMs,US,https://finance.yahoo.com/quote/SLAB,,
co:ambarella,Company,Ambarella,AMBA,NASDAQ,US,Fabless,Edge AI vision SoCs,3,false,"Designs low-power video and AI vision processors for security cameras, cars and robots.",CV3 and CV5 AI SoCs|video processors,automotive tier ones|security camera makers,US|Taiwan,https://finance.yahoo.com/quote/AMBA,,
co:semtech,Company,Semtech,SMTC,NASDAQ,US,Fabless,"LoRa, optical and signal integrity",3,false,"Designs LoRa IoT radios, optical data centre chips and protection devices. Data centre optical and copper interconnect is now the growth engine.",LoRa|FiberEdge optical|CopperEdge|protection,IoT OEMs|hyperscalers|module makers,US,https://finance.yahoo.com/quote/SMTC,,
co:macom,Company,MACOM Technology Solutions,MTSI,NASDAQ,US,Fabless,"RF, microwave and optical",3,false,"Designs RF, microwave and high-speed optical chips for data centres, telecom and defence, with a small owned fab for compound semiconductors.",optical drivers and TIAs|RF and microwave|GaN,hyperscalers|telecom|defence,US,https://finance.yahoo.com/quote/MTSI,,
co:synaptics,Company,Synaptics,SYNA,NASDAQ,US,Fabless,Human interface and IoT,3,false,"Designs touch, display and wireless chips for PCs, wearables and smart home devices.",touch controllers|display drivers|Wi-Fi and Bluetooth,PC OEMs|consumer electronics,US,https://finance.yahoo.com/quote/SYNA,,
co:power_integrations,Company,Power Integrations,POWI,NASDAQ,US,Fabless,AC-DC power conversion,3,false,"Designs high-voltage power conversion chips for chargers, appliances and industrial power, including gallium nitride parts.",InnoSwitch|GaN power ICs|gate drivers,charger and appliance makers|industrial,US,https://finance.yahoo.com/quote/POWI,,
co:sitime,Company,SiTime,SITM,NASDAQ,US,Fabless,MEMS timing,3,false,"Designs MEMS-based oscillators and clocks that replace quartz crystals, with growing content in AI servers and networking.",MEMS oscillators|clock generators,Apple|networking and server OEMs|automotive,US,https://finance.yahoo.com/quote/SITM,,
co:silicon_motion,Company,Silicon Motion Technology,SIMO,NASDAQ,TW,Fabless,NAND controllers,3,false,"Taiwanese designer of the controller chips inside SSDs, eMMC and UFS, sold to NAND makers and module houses.",SSD controllers|eMMC and UFS controllers,Kioxia|Micron|SK Hynix|module makers,Taiwan,https://finance.yahoo.com/quote/SIMO,,
co:phison,Company,Phison Electronics,8299.TWO,TPEx,TW,Fabless,NAND controllers and modules,3,false,"Taiwanese maker of SSD and flash controllers and complete storage modules, buying NAND wafers from Kioxia and others.",SSD controllers|USB and card controllers|storage modules,PC OEMs|module makers|Kioxia,Taiwan,https://finance.yahoo.com/quote/8299.TWO,,
co:alchip,Company,Alchip Technologies,3661.TW,TWSE,TW,Fabless,ASIC design services,3,false,"Taiwanese ASIC house that turns customers' designs into TSMC-built chips, strong in AI accelerators for hyperscalers and Chinese and US startups.",custom ASIC design and production services,Amazon|AI chip startups|Chinese and US customers,Taiwan|China|US,https://finance.yahoo.com/quote/3661.TW,,
co:guc,Company,Global Unichip,3443.TW,TWSE,TW,Fabless,ASIC design services,3,false,TSMC-affiliated ASIC house doing custom chip design and advanced packaging integration for AI and networking customers.,custom ASIC design|CoWoS integration services,AI chip customers|networking OEMs,Taiwan,https://finance.yahoo.com/quote/3443.TW,,
co:aspeed,Company,ASPEED Technology,5274.TWO,TPEx,TW,Fabless,Server management chips,3,false,"Taiwanese designer with a near monopoly in baseboard management controllers, the small chips that monitor and control every server.",AST2600 BMC|PC and AV chips,server OEMs and ODMs|hyperscalers,Taiwan,https://finance.yahoo.com/quote/5274.TWO,,
co:parade,Company,Parade Technologies,4966.TWO,TPEx,TW,Fabless,High-speed interface chips,3,false,"Taiwanese designer of DisplayPort, USB and timing controller chips for PCs and displays.",DisplayPort and USB retimers|timing controllers,PC OEMs|display makers,Taiwan|US,https://finance.yahoo.com/quote/4966.TWO,,
co:socionext,Company,Socionext,6526.T,TSE,JP,Fabless,Custom SoC design,3,false,"Japanese ASIC house formed from Fujitsu and Panasonic chip units, designing custom SoCs for automotive, data centre and consumer customers on TSMC nodes.",custom SoCs|automotive SoCs,automotive tier ones|hyperscalers|Japanese OEMs,Japan,https://finance.yahoo.com/quote/6526.T,,
co:silergy,Company,Silergy,6415.TW,TWSE,CN,Fabless,"Power management, China",3,false,"China's leading analog and power management chip designer, listed in Taiwan, selling to consumer, industrial and automotive customers.",power management ICs|LED drivers|battery management,Chinese consumer and industrial OEMs,China|Taiwan,https://finance.yahoo.com/quote/6415.TW,,
co:montage,Company,Montage Technology,688008.SS,SSE,CN,Fabless,"Memory interface and server chips, China",3,false,"Chinese designer of DDR memory buffer and interface chips, one of three suppliers worldwide with Rambus and Renesas, plus PCIe retimers.",DDR5 RCD and MDB chips|PCIe retimers|CXL controllers,Samsung|SK Hynix|Micron|Chinese server OEMs,China,https://finance.yahoo.com/quote/688008.SS,,
co:will_semi,Company,Will Semiconductor (OmniVision),603501.SS,SSE,CN,Fabless,"Image sensors (OmniVision), China",3,false,"Owner of OmniVision, the third-largest image sensor designer after Sony and Samsung, plus display and analog chips. Fabless, using TSMC and Chinese foundries.",OmniVision CMOS image sensors|touch and display drivers,Chinese smartphone makers|automotive,China|US,https://finance.yahoo.com/quote/603501.SS,,
co:cambricon,Company,Cambricon Technologies,688256.SS,SSE,CN,Fabless,"AI accelerators, China",3,false,"Chinese AI chip designer whose accelerators are a domestic substitute for NVIDIA under export controls. Fabless, dependent on SMIC after losing TSMC access.",MLU AI accelerators,Chinese cloud providers|government,China,https://finance.yahoo.com/quote/688256.SS,,
co:hygon,Company,Hygon Information Technology,688041.SS,SSE,CN,Fabless,"x86 CPUs and accelerators, China",3,false,"Chinese server CPU designer built on a licensed AMD Zen core, supplying domestic servers where Intel and AMD are being replaced.",Hygon x86 CPUs|DCU accelerators,Chinese server OEMs|government|cloud,China,https://finance.yahoo.com/quote/688041.SS,,
co:rockchip,Company,Rockchip Electronics,603893.SS,SSE,CN,Fabless,"Application processors, China",3,false,"Chinese SoC designer for tablets, set-top boxes, automotive and edge AI devices, fabless on Samsung and TSMC mature nodes.",RK3588 and other Arm SoCs|automotive SoCs,Chinese consumer and automotive OEMs,China,https://finance.yahoo.com/quote/603893.SS,,
co:espressif,Company,Espressif Systems,688018.SS,SSE,CN,Fabless,"Wi-Fi and Bluetooth MCUs, China",3,false,Chinese designer of the ESP32 family of cheap Wi-Fi and Bluetooth microcontrollers found in a large share of IoT devices worldwide.,ESP32 SoCs and modules,IoT device makers worldwide,China,https://finance.yahoo.com/quote/688018.SS,,
co:nordic,Company,Nordic Semiconductor,NOD.OL,Euronext Oslo,NO,Fabless,Bluetooth Low Energy chips,3,false,"Norwegian leader in Bluetooth Low Energy chips for wearables, PC accessories and medical devices, expanding into cellular IoT.",nRF52 and nRF54 SoCs|nRF91 cellular IoT,wearable and accessory makers|medical device makers,Norway,https://finance.yahoo.com/quote/NOD.OL,,
co:microsoft,Company,Microsoft,MSFT,NASDAQ,US,EndDemand,Cloud and AI infrastructure buyer,3,false,"Runs Azure and the OpenAI partnership, one of the largest buyers of NVIDIA and AMD accelerators, and designs its own Maia and Cobalt chips.",Azure|Maia AI accelerator|Cobalt CPU|Copilot,enterprises|OpenAI|consumers,US|global data centres,https://finance.yahoo.com/quote/MSFT,,
co:alphabet,Company,Alphabet,GOOGL,NASDAQ,US,EndDemand,Cloud and AI infrastructure buyer,3,false,"Owner of Google, which designs its own TPU accelerators with Broadcom and MediaTek and is also a large NVIDIA customer for Google Cloud.",Google Cloud|TPU|Gemini|Search,enterprises|advertisers|consumers,US|global data centres,https://finance.yahoo.com/quote/GOOGL,,
co:amazon,Company,Amazon.com,AMZN,NASDAQ,US,EndDemand,Cloud and AI infrastructure buyer,3,false,"Runs AWS, the largest cloud, buys NVIDIA at scale and designs its own Trainium and Inferentia accelerators and Graviton CPUs with Marvell and Alchip.",AWS|Trainium|Inferentia|Graviton,enterprises|Anthropic|consumers,US|global data centres,https://finance.yahoo.com/quote/AMZN,,
co:meta,Company,Meta Platforms,META,NASDAQ,US,EndDemand,AI infrastructure buyer,3,false,"Runs the largest consumer social platforms and one of the biggest AI compute fleets, buying NVIDIA and AMD GPUs at scale and designing MTIA accelerators with Broadcom.",MTIA accelerator|Llama models|Facebook and Instagram infrastructure,advertisers|consumers,US|global data centres,https://finance.yahoo.com/quote/META,,
co:oracle,Company,Oracle,ORCL,NYSE,US,EndDemand,Cloud infrastructure buyer,3,false,Database company whose cloud business has become a major buyer of NVIDIA and AMD GPUs for AI customers including OpenAI.,Oracle Cloud Infrastructure|databases,OpenAI|enterprises,US|global data centres,https://finance.yahoo.com/quote/ORCL,,
co:tesla,Company,Tesla,TSLA,NASDAQ,US,EndDemand,Automotive and AI compute buyer,3,false,"Electric vehicle maker that designs its own FSD and Dojo chips, built at Samsung and TSMC, and buys NVIDIA GPUs for training.",FSD chip|AI5 and AI6 chips|vehicles|energy storage,consumers|fleet buyers,US|China|Germany,https://finance.yahoo.com/quote/TSLA,,
co:supermicro,Company,Super Micro Computer,SMCI,NASDAQ,US,EndDemand,AI server maker,3,false,"Builds GPU servers and racks around NVIDIA and AMD accelerators for cloud and enterprise customers, one of the fastest-growing server vendors during the AI build-out.",GPU servers|liquid-cooled racks|storage servers,cloud providers|enterprises|xAI,US|Taiwan|Malaysia|Netherlands,https://finance.yahoo.com/quote/SMCI,,
co:dell,Company,Dell Technologies,DELL,NYSE,US,EndDemand,"Servers, storage and PCs",3,false,"Largest enterprise server and PC vendor, selling NVIDIA-based AI factories to enterprises and xAI alongside storage and PCs.",PowerEdge servers|storage|PCs,enterprises|xAI|CoreWeave|consumers,US|global,https://finance.yahoo.com/quote/DELL,,
co:hpe,Company,Hewlett Packard Enterprise,HPE,NYSE,US,EndDemand,Servers and networking,3,false,"Enterprise server, supercomputer and networking vendor, with Cray supercomputers and Juniper networking, selling NVIDIA-based AI systems.",ProLiant servers|Cray supercomputers|Juniper networking|GreenLake,enterprises|governments|research labs,US|global,https://finance.yahoo.com/quote/HPE,,
co:cisco,Company,Cisco Systems,CSCO,NASDAQ,US,EndDemand,Networking equipment,3,false,"Largest networking equipment maker, using its own Silicon One switch chips and Broadcom parts, and a growing seller of AI data centre networking.",switches and routers|Silicon One ASICs|security software,enterprises|service providers|hyperscalers,US|global,https://finance.yahoo.com/quote/CSCO,,
co:arista,Company,Arista Networks,ANET,NYSE,US,EndDemand,Data centre networking,3,false,"Leading supplier of high-speed Ethernet switches for cloud and AI data centres, built on Broadcom switch chips.",Ethernet switches|EOS software,Microsoft|Meta|enterprises,US,https://finance.yahoo.com/quote/ANET,,
co:coreweave,Company,CoreWeave,CRWV,NASDAQ,US,EndDemand,AI cloud,3,false,"Specialist cloud provider renting NVIDIA GPUs at scale to AI labs and enterprises, financed largely with debt secured on the chips.",GPU cloud services,Microsoft|OpenAI|AI labs,US|Europe,https://finance.yahoo.com/quote/CRWV,,
co:western_digital,Company,Western Digital,WDC,NASDAQ,US,EndDemand,Hard disk drives,1,false,"After spinning off Sandisk in 2025, a pure hard drive maker, one of two large HDD suppliers to hyperscalers for bulk data storage.",nearline HDDs|client HDDs,hyperscalers|enterprise storage OEMs,US|Thailand|Malaysia,guide,,
co:seagate,Company,Seagate Technology,STX,NASDAQ,US,EndDemand,Hard disk drives,1,false,"Largest hard drive maker, selling high-capacity nearline drives to cloud providers, with HAMR technology raising capacity per drive.",Mozaic HAMR HDDs|nearline HDDs,hyperscalers|enterprise storage OEMs,US|Thailand|Singapore|China,guide,,
co:pure_storage,Company,Pure Storage,PSTG,NYSE,US,EndDemand,All-flash storage systems,3,false,"Enterprise storage vendor that builds all-flash arrays from raw NAND with its own controllers, a large buyer of NAND from Kioxia and Micron.",FlashArray|FlashBlade|Evergreen subscriptions,enterprises|Meta,US,guide,,
co:hon_hai,Company,Hon Hai Precision Industry,2317.TW,TWSE,TW,EndDemand,Electronics manufacturing (Foxconn),3,false,"World's largest contract electronics manufacturer, assembling iPhones and now a large share of NVIDIA AI servers and racks.",iPhone assembly|AI server and rack assembly|components,Apple|NVIDIA|Dell|HPE|cloud providers,Taiwan|China|Mexico|US|India|Vietnam,https://finance.yahoo.com/quote/2317.TW,,
co:quanta,Company,Quanta Computer,2382.TW,TWSE,TW,EndDemand,Server and notebook ODM,3,false,"Taiwanese ODM building notebooks and, through QCT, a large share of hyperscaler and AI servers.",AI and cloud servers (QCT)|notebooks,Microsoft|Meta|Amazon|Apple|Dell,Taiwan|US|Germany|Thailand,https://finance.yahoo.com/quote/2382.TW,,
co:wiwynn,Company,Wiwynn,6669.TW,TWSE,TW,EndDemand,Cloud server ODM,3,false,"Wistron spin-off that builds servers and racks directly for hyperscalers, with heavy exposure to Meta and Microsoft AI deployments.",hyperscale servers|AI racks,Meta|Microsoft|Amazon,Taiwan|US|Malaysia|Mexico,https://finance.yahoo.com/quote/6669.TW,,
ly:eda,Layer,EDA,,,,,,,,,,,,,1,
ly:ip,Layer,IP,,,,,,,,,,,,,2,
ly:equipment,Layer,Equipment,,,,,,,,,,,,,3,
ly:materials,Layer,Materials,,,,,,,,,,,,,4,
ly:foundry,Layer,Foundry,,,,,,,,,,,,,5,
ly:idm,Layer,IDM,,,,,,,,,,,,,6,
ly:memory,Layer,Memory,,,,,,,,,,,,,7,
ly:packaging,Layer,Packaging,,,,,,,,,,,,,8,
ly:fabless,Layer,Fabless,,,,,,,,,,,,,9,
ly:enddemand,Layer,EndDemand,,,,,,,,,,,,,10,
te:euv,Technology,EUV,,,,,,,,,,,,,,
te:duv,Technology,DUV,,,,,,,,,,,,,,
te:hbm,Technology,HBM,,,,,,,,,,,,,,
te:dram,Technology,DRAM,,,,,,,,,,,,,,
te:nand,Technology,NAND,,,,,,,,,,,,,,
te:nor_flash,Technology,NOR Flash,,,,,,,,,,,,,,
te:cowos,Technology,CoWoS,,,,,,,,,,,,,,
te:gaa,Technology,GAA,,,,,,,,,,,,,,
te:hybrid_bonding,Technology,Hybrid Bonding,,,,,,,,,,,,,,
te:silicon_carbide,Technology,Silicon Carbide,,,,,,,,,,,,,,
cn:us,Country,United States,,,,,,,,,,,,,,US
cn:tw,Country,Taiwan,,,,,,,,,,,,,,TW
cn:jp,Country,Japan,,,,,,,,,,,,,,JP
cn:cn,Country,China,,,,,,,,,,,,,,CN
cn:de,Country,Germany,,,,,,,,,,,,,,DE
cn:nl,Country,Netherlands,,,,,,,,,,,,,,NL
cn:kr,Country,South Korea,,,,,,,,,,,,,,KR
cn:il,Country,Israel,,,,,,,,,,,,,,IL
cn:fr,Country,France,,,,,,,,,,,,,,FR
cn:gb,Country,United Kingdom,,,,,,,,,,,,,,GB
cn:sg,Country,Singapore,,,,,,,,,,,,,,SG
cn:ie,Country,Ireland,,,,,,,,,,,,,,IE
cn:be,Country,Belgium,,,,,,,,,,,,,,BE
cn:ch,Country,Switzerland,,,,,,,,,,,,,,CH
cn:no,Country,Norway,,,,,,,,,,,,,,NO
cp:euv_lithography,Chokepoint,EUV Lithography,,,,Equipment,,,,,,,,,,
cp:advanced_foundry,Chokepoint,Advanced Foundry (<7nm),,,,Foundry,,,,,,,,,,
cp:eda_software,Chokepoint,EDA Software,,,,EDA,,,,,,,,,,
cp:hbm_memory,Chokepoint,HBM Memory,,,,Memory,,,,,,,,,,
cp:silicon_wafers,Chokepoint,Silicon Wafers,,,,Materials,,,,,,,,,,
cp:photoresist,Chokepoint,Photoresist,,,,Materials,,,,,,,,,,
cp:advanced_packaging,Chokepoint,Advanced Packaging,,,,Packaging,,,,,,,,,,
cp:euv_mask_inspection,Chokepoint,EUV Mask Inspection,,,,Equipment,,,,,,,,,,
cp:euv_mask_blanks,Chokepoint,EUV Mask Blanks,,,,Materials,,,,,,,,,,
cp:abf_substrate_film,Chokepoint,ABF Substrate Film,,,,Materials,,,,,,,,,,
